Order_ID,Customer_ID,Book_ID,Order_Date,Quantity,Total_Amount,Order_Type,,,,,
1,84,169,26-05-23,8,188.56,Grade2,,,,,
2,137,301,23-01-23,10,216.6,Highest order,,,,Quantity,Order_type
3,216,261,27-05-24,6,85.5,Grade3,,,,2,Grade5
4,433,343,25-11-23,7,301.21,Grade3,,,,4,Grade4
5,14,431,26-07-23,7,136.36,Grade3,,,,6,Grade3
6,439,119,11-10-24,5,249.4,Grade4,,,,8,Grade2
7,195,467,23-10-23,6,82.92,Grade3,,,,10,Highest order
8,32,159,07-05-24,4,144.84,Grade4,,,,,
9,109,407,04-01-24,9,379.71,Grade2,,,,,
10,94,122,09-07-24,4,123,Grade4,,,,,
11,131,206,16-10-23,1,38.01,#N/A,,,,,
12,454,3,17-06-24,2,31.5,Grade5,,,,,
13,420,180,08-06-23,5,125.45,Grade4,,,,,
14,454,319,24-08-23,2,85.22,Grade5,,,,,
15,127,479,10-01-23,6,229.62,Grade3,,,,,
16,412,196,06-10-23,8,53.52,Grade2,,,,,
17,462,481,20-03-23,5,52.75,Grade4,,,,,
18,377,101,07-08-24,4,193.96,Grade4,,,,,
19,496,60,17-11-23,9,316.26,Grade2,,,,,
20,195,67,14-07-23,1,10.23,#N/A,,,,,
21,356,287,05-12-24,3,120.57,Grade5,,,,,
22,177,427,10-06-24,3,54,Grade5,,,,,
23,119,301,04-08-23,3,64.98,Grade5,,,,,
24,266,192,10-07-23,3,145.11,Grade5,,,,,
25,265,250,25-05-23,10,126.5,Highest order,,,,,
26,294,407,11-06-23,1,42.19,#N/A,,,,,
27,310,156,03-12-24,1,31.68,#N/A,,,,,
28,151,423,27-11-24,8,205.04,Grade2,,,,,
29,305,446,05-10-23,8,275.92,Grade2,,,,,
30,438,248,23-09-23,6,281.94,Grade3,,,,,
31,386,279,12-03-24,8,244,Grade2,,,,,
32,292,313,06-12-24,4,188.64,Grade4,,,,,
33,478,253,15-04-24,5,58.3,Grade4,,,,,
34,463,146,27-06-24,3,43.5,Grade5,,,,,
35,303,172,08-07-23,5,184.1,Grade4,,,,,
36,417,260,21-01-24,9,446.31,Grade2,,,,,
37,110,411,27-12-23,4,60.12,Grade4,,,,,
38,15,466,26-06-23,4,148.68,Grade4,,,,,
39,488,422,03-08-24,8,367.28,Grade2,,,,,
40,120,450,03-07-24,2,91.5,Grade5,,,,,
41,418,147,05-05-24,8,361.6,Grade2,,,,,
42,415,70,19-09-23,3,70.35,Grade5,,,,,
43,199,305,25-03-24,7,221.62,Grade3,,,,,
44,234,460,24-07-24,5,179.4,Grade4,,,,,
45,470,67,16-11-24,4,40.92,Grade4,,,,,
46,319,442,08-12-23,1,48.48,#N/A,,,,,
47,6,360,23-07-24,3,148.02,Grade5,,,,,
48,458,477,25-02-24,5,138.55,Grade4,,,,,
49,322,336,14-08-24,7,168.56,Grade3,,,,,
50,474,88,06-04-24,1,40.22,#N/A,,,,,
51,155,491,01-09-24,5,74.35,Grade4,,,,,
52,173,161,20-05-24,7,151.2,Grade3,,,,,
53,160,242,02-01-24,3,101.37,Grade5,,,,,
54,446,393,01-09-24,3,132,Grade5,,,,,
55,18,281,11-01-24,7,114.38,Grade3,,,,,
56,76,333,06-11-24,5,138.8,Grade4,,,,,
57,24,34,02-12-24,2,32.98,Grade5,,,,,
58,329,369,02-12-24,7,158.55,Grade3,,,,,
59,225,188,11-02-23,7,140.98,Grade3,,,,,
60,404,49,26-04-23,9,445.5,Grade2,,,,,
61,405,361,02-07-24,5,198.75,Grade4,,,,,
62,364,324,06-04-24,5,230.4,Grade4,,,,,
63,16,469,13-04-24,9,209.25,Grade2,,,,,
64,348,160,19-07-24,10,344.8,Highest order,,,,,
65,54,198,06-05-23,9,201.42,Grade2,,,,,
66,180,323,08-09-23,8,286.64,Grade2,,,,,
67,260,129,20-04-23,9,366.66,Grade2,,,,,
68,246,319,21-03-23,10,426.1,Highest order,,,,,
69,261,109,23-03-24,4,34.16,Grade4,,,,,
70,49,447,29-05-23,6,217.5,Grade3,,,,,
71,500,438,11-06-24,8,267.12,Grade2,,,,,
72,290,5,19-10-24,1,10.95,#N/A,,,,,
73,411,81,07-10-23,1,44.19,#N/A,,,,,
74,461,132,08-04-23,10,204.6,Highest order,,,,,
75,291,375,30-11-23,5,170.75,Grade4,,,,,
76,470,466,02-09-24,10,371.7,Highest order,,,,,
77,497,242,20-03-24,7,236.53,Grade3,,,,,
78,44,196,23-07-24,5,33.45,Grade4,,,,,
79,134,28,06-10-23,2,75.02,Grade5,,,,,
80,265,17,04-06-23,8,42.96,Grade2,,,,,
81,383,325,13-02-24,5,202,Grade4,,,,,
82,413,387,08-03-23,5,237.1,Grade4,,,,,
83,457,335,16-01-24,8,378.32,Grade2,,,,,
84,280,49,05-07-24,6,297,Grade3,,,,,
85,75,31,14-03-23,9,191.07,Grade2,,,,,
86,361,441,28-04-24,3,122.16,Grade5,,,,,
87,167,435,11-07-24,2,55.52,Grade5,,,,,
88,126,262,16-04-23,5,105.1,Grade4,,,,,
89,305,113,06-08-24,2,12.76,Grade5,,,,,
90,457,137,23-12-23,6,157.98,Grade3,,,,,
91,226,142,13-10-24,10,489.6,Highest order,,,,,
92,329,325,24-02-23,5,202,Grade4,,,,,
93,366,427,23-10-24,3,54,Grade5,,,,,
94,136,88,06-07-24,6,241.32,Grade3,,,,,
95,447,426,26-10-23,1,32.82,#N/A,,,,,
96,456,336,09-08-23,8,192.64,Grade2,,,,,
97,408,221,15-07-23,10,248.1,Highest order,,,,,
98,429,352,15-12-23,1,6.01,#N/A,,,,,
99,166,250,20-04-23,3,37.95,Grade5,,,,,
100,207,63,14-07-23,1,22.38,#N/A,,,,,
101,154,344,09-01-23,1,39.63,#N/A,,,,,
102,295,300,10-05-23,9,241.83,Grade2,,,,,
103,103,21,07-02-24,3,141.39,Grade5,,,,,
104,182,316,18-01-24,9,79.29,Grade2,,,,,
105,125,306,20-12-22,2,87.84,Grade5,,,,,
106,334,449,07-10-23,3,120.51,Grade5,,,,,
107,10,330,20-10-24,6,192.12,Grade3,,,,,
108,281,430,25-05-24,6,71.4,Grade3,,,,,
109,486,368,19-11-24,2,89.2,Grade5,,,,,
110,7,16,30-04-23,1,10.07,#N/A,,,,,
111,174,450,25-08-24,7,320.25,Grade3,,,,,
112,309,403,28-12-22,2,30.02,Grade5,,,,,
113,80,255,18-02-24,3,73.53,Grade5,,,,,
114,362,210,24-02-24,3,122.79,Grade5,,,,,
115,321,136,23-09-24,8,79.12,Grade2,,,,,
116,280,447,27-02-24,5,181.25,Grade4,,,,,
117,385,52,24-01-23,7,115.71,Grade3,,,,,
118,37,189,14-01-23,3,40.95,Grade5,,,,,
119,328,148,24-09-23,3,36.75,Grade5,,,,,
120,101,338,14-01-23,1,10.17,#N/A,,,,,
121,27,63,28-03-24,6,134.28,Grade3,,,,,
122,136,56,19-02-23,6,47.22,Grade3,,,,,
123,495,437,10-03-24,5,221.45,Grade4,,,,,
124,272,122,17-05-24,10,307.5,Highest order,,,,,
125,196,43,05-06-24,4,189.56,Grade4,,,,,
126,88,492,08-12-23,2,88.14,Grade5,,,,,
127,267,295,24-08-24,7,200.62,Grade3,,,,,
128,197,345,17-09-24,6,155.34,Grade3,,,,,
129,364,388,02-08-23,1,26.62,#N/A,,,,,
130,420,17,13-05-23,1,5.37,#N/A,,,,,
131,16,1,27-05-24,3,64.02,Grade5,,,,,
132,469,333,22-11-23,7,194.32,Grade3,,,,,
133,232,458,13-03-23,4,149.12,Grade4,,,,,
134,94,222,02-04-23,7,207.13,Grade3,,,,,
135,174,99,24-01-24,10,469.3,Highest order,,,,,
136,165,70,31-12-23,4,93.8,Grade4,,,,,
137,474,471,25-11-23,8,363.04,Grade2,,,,,
138,59,362,02-12-23,3,88.29,Grade5,,,,,
139,189,26,31-05-24,9,189.45,Grade2,,,,,
140,295,164,13-12-22,1,41.83,#N/A,,,,,
141,107,352,05-05-23,10,60.1,Highest order,,,,,
142,107,434,08-04-24,2,91.16,Grade5,,,,,
143,443,201,04-10-23,7,260.75,Grade3,,,,,
144,432,179,10-11-24,2,96.42,Grade5,,,,,
145,340,477,10-09-24,8,221.68,Grade2,,,,,
146,394,404,07-04-24,4,62.6,Grade4,,,,,
147,277,285,08-10-24,5,138.25,Grade4,,,,,
148,333,429,16-06-24,1,42.58,#N/A,,,,,
149,39,56,28-11-24,4,31.48,Grade4,,,,,
150,389,135,01-01-24,10,151.3,Highest order,,,,,
151,361,288,27-08-24,7,195.37,Grade3,,,,,
152,377,213,27-10-23,5,33.95,Grade4,,,,,
153,484,370,19-02-24,2,87.82,Grade5,,,,,
154,378,391,12-10-23,5,167.1,Grade4,,,,,
155,191,397,21-01-24,6,168.9,Grade3,,,,,
156,176,66,27-05-24,5,141.45,Grade4,,,,,
157,166,245,24-05-24,10,160.6,Highest order,,,,,
158,183,225,04-07-23,3,108.12,Grade5,,,,,
159,174,51,11-09-24,3,138.9,Grade5,,,,,
160,255,85,27-03-23,3,58.29,Grade5,,,,,
161,227,42,13-01-24,5,241.75,Grade4,,,,,
162,295,298,21-05-23,7,326.62,Grade3,,,,,
163,207,384,23-11-23,3,101.76,Grade5,,,,,
164,467,184,27-06-24,9,47.25,Grade2,,,,,
165,382,362,23-09-24,6,176.58,Grade3,,,,,
166,272,486,17-09-23,6,114.78,Grade3,,,,,
167,168,442,24-11-24,3,145.44,Grade5,,,,,
168,324,36,11-01-23,10,345.1,Highest order,,,,,
169,81,415,04-02-24,10,295.1,Highest order,,,,,
170,121,77,06-05-23,10,442.8,Highest order,,,,,
171,364,397,12-01-23,10,281.5,Highest order,,,,,
172,463,423,20-09-24,1,25.63,#N/A,,,,,
173,399,61,01-07-23,5,205.25,Grade4,,,,,
174,34,29,17-12-23,4,124.48,Grade4,,,,,
175,385,103,12-10-23,1,43.25,#N/A,,,,,
176,86,479,19-09-23,6,229.62,Grade3,,,,,
177,378,121,21-08-24,3,127.41,Grade5,,,,,
178,70,298,03-05-23,10,466.6,Highest order,,,,,
179,325,52,01-02-23,9,148.77,Grade2,,,,,
180,460,227,20-01-23,7,267.19,Grade3,,,,,
181,8,117,18-01-23,3,44.61,Grade5,,,,,
182,129,293,01-11-23,7,125.51,Grade3,,,,,
183,335,371,08-06-24,1,17.4,#N/A,,,,,
184,474,88,30-04-24,2,80.44,Grade5,,,,,
185,15,25,09-03-23,6,51.3,Grade3,,,,,
186,167,120,03-04-23,7,336.21,Grade3,,,,,
187,119,275,30-12-23,1,25.83,#N/A,,,,,
188,46,425,13-03-23,1,24.23,#N/A,,,,,
189,107,240,11-07-24,6,299.4,Grade3,,,,,
190,240,273,02-07-24,4,49.72,Grade4,,,,,
191,418,390,25-03-24,1,39.96,#N/A,,,,,
192,144,380,24-06-24,2,26.34,Grade5,,,,,
193,474,36,31-03-23,7,241.57,Grade3,,,,,
194,463,340,04-11-24,5,249.9,Grade4,,,,,
195,437,241,17-07-23,2,28.12,Grade5,,,,,
196,214,468,03-04-23,7,214.13,Grade3,,,,,
197,256,32,25-05-24,10,215.6,Highest order,,,,,
198,373,117,13-06-23,1,14.87,#N/A,,,,,
199,429,18,30-09-24,10,394.7,Highest order,,,,,
200,313,303,23-11-23,1,6.57,#N/A,,,,,
201,67,463,11-10-23,4,47.96,Grade4,,,,,
202,137,69,17-12-23,8,70.32,Grade2,,,,,
203,116,110,27-12-23,4,120.6,Grade4,,,,,
204,47,427,26-05-23,3,54,Grade5,,,,,
205,279,457,21-03-23,2,56.44,Grade5,,,,,
206,81,130,19-07-23,1,6.64,#N/A,,,,,
207,194,461,06-09-23,1,9.6,#N/A,,,,,
208,13,101,21-05-24,6,290.94,Grade3,,,,,
209,346,449,03-01-24,10,401.7,Highest order,,,,,
210,287,223,14-10-23,6,39.12,Grade3,,,,,
211,397,209,17-01-24,10,486.7,Highest order,,,,,
212,244,300,20-04-24,2,53.74,Grade5,,,,,
213,325,447,17-11-23,7,253.75,Grade3,,,,,
214,103,114,04-09-24,7,50.96,Grade3,,,,,
215,461,138,17-08-23,8,198.16,Grade2,,,,,
216,104,428,28-02-24,4,90.92,Grade4,,,,,
217,414,142,28-12-22,2,97.92,Grade5,,,,,
218,364,47,13-02-24,8,162.96,Grade2,,,,,
219,186,157,11-02-24,9,172.53,Grade2,,,,,
220,376,275,07-07-23,1,25.83,#N/A,,,,,
221,353,219,10-09-23,5,104.5,Grade4,,,,,
222,331,157,19-09-23,10,191.7,Highest order,,,,,
223,213,31,17-12-22,10,212.3,Highest order,,,,,
224,384,90,19-07-24,4,66.24,Grade4,,,,,
225,272,115,08-06-23,4,112.48,Grade4,,,,,
226,437,35,25-01-24,9,286.29,Grade2,,,,,
227,461,308,04-05-23,8,166,Grade2,,,,,
228,400,104,07-06-24,3,31.68,Grade5,,,,,
229,82,482,09-02-24,7,223.72,Grade3,,,,,
230,307,241,10-09-23,7,98.42,Grade3,,,,,
231,22,384,11-11-23,1,33.92,#N/A,,,,,
232,220,229,26-07-24,5,102.3,Grade4,,,,,
233,403,181,28-04-24,7,271.11,Grade3,,,,,
234,149,11,21-11-24,5,179.75,Grade4,,,,,
235,419,459,12-11-24,3,107.31,Grade5,,,,,
236,375,265,04-11-24,9,419.4,Grade2,,,,,
237,47,199,15-08-23,7,299.67,Grade3,,,,,
238,134,280,26-02-24,6,100.68,Grade3,,,,,
239,132,307,19-09-23,5,72.15,Grade4,,,,,
240,457,492,30-05-23,10,440.7,Highest order,,,,,
241,119,69,08-07-24,6,52.74,Grade3,,,,,
242,416,410,15-06-23,9,398.97,Grade2,,,,,
243,82,350,02-08-24,10,316.7,Highest order,,,,,
244,12,380,28-10-24,3,39.51,Grade5,,,,,
245,386,97,01-11-23,9,411.66,Grade2,,,,,
246,401,415,14-11-24,2,59.02,Grade5,,,,,
247,77,142,07-03-24,10,489.6,Highest order,,,,,
248,312,285,09-09-23,9,248.85,Grade2,,,,,
249,131,189,15-01-23,8,109.2,Grade2,,,,,
250,63,65,16-09-23,9,204.3,Grade2,,,,,
251,109,490,12-12-23,2,25.76,Grade5,,,,,
252,405,387,15-11-23,5,237.1,Grade4,,,,,
253,449,273,03-01-23,3,37.29,Grade5,,,,,
254,99,469,18-07-23,2,46.5,Grade5,,,,,
255,217,406,19-04-23,4,143.16,Grade4,,,,,
256,225,174,30-05-24,9,340.47,Grade2,,,,,
257,123,403,06-11-23,1,15.01,#N/A,,,,,
258,179,387,08-08-23,3,142.26,Grade5,,,,,
259,437,77,08-01-23,2,88.56,Grade5,,,,,
260,112,170,07-05-24,2,22.56,Grade5,,,,,
261,200,288,25-07-23,8,223.28,Grade2,,,,,
262,224,376,11-12-22,6,175.56,Grade3,,,,,
263,260,373,20-08-24,2,78.18,Grade5,,,,,
264,290,13,29-10-23,9,126.36,Grade2,,,,,
265,258,100,17-09-24,9,449.01,Grade2,,,,,
266,167,426,02-06-23,10,328.2,Highest order,,,,,
267,467,390,30-08-24,9,359.64,Grade2,,,,,
268,117,56,15-11-24,9,70.83,Grade2,,,,,
269,8,157,15-03-24,5,95.85,Grade4,,,,,
270,120,82,13-04-24,7,319.9,Grade3,,,,,
271,462,40,01-07-23,1,25.97,#N/A,,,,,
272,228,321,02-11-24,1,24.32,#N/A,,,,,
273,357,119,14-12-22,8,399.04,Grade2,,,,,
274,254,120,10-04-24,2,96.06,Grade5,,,,,
275,495,31,05-01-23,2,42.46,Grade5,,,,,
276,166,46,16-11-24,3,99.51,Grade5,,,,,
277,276,292,18-12-22,1,26.94,#N/A,,,,,
278,111,71,18-11-24,9,346.5,Grade2,,,,,
279,204,339,13-11-24,9,391.59,Grade2,,,,,
280,181,377,11-05-23,8,318.32,Grade2,,,,,
281,23,431,23-11-24,8,155.84,Grade2,,,,,
282,364,154,22-11-24,6,104.64,Grade3,,,,,
283,277,471,31-10-24,8,363.04,Grade2,,,,,
284,325,466,06-01-23,4,148.68,Grade4,,,,,
285,198,469,30-07-24,6,139.5,Grade3,,,,,
286,96,264,23-04-23,2,41.02,Grade5,,,,,
287,74,163,25-06-23,3,57.33,Grade5,,,,,
288,6,128,13-11-23,1,24.04,#N/A,,,,,
289,321,491,30-08-23,2,29.74,Grade5,,,,,
290,31,219,18-08-24,2,41.8,Grade5,,,,,
291,214,154,15-04-24,8,139.52,Grade2,,,,,
292,388,432,11-02-24,4,35.36,Grade4,,,,,
293,96,214,20-01-24,9,163.44,Grade2,,,,,
294,21,302,01-10-23,4,114.68,Grade4,,,,,
295,414,269,07-10-24,5,165.4,Grade4,,,,,
296,181,486,13-09-23,1,19.13,#N/A,,,,,
297,382,381,27-07-24,4,42.4,Grade4,,,,,
298,359,73,22-08-24,10,212.3,Highest order,,,,,
299,189,348,29-07-24,8,100.96,Grade2,,,,,
300,90,485,09-12-23,7,162.12,Grade3,,,,,
301,339,346,12-09-24,4,39.88,Grade4,,,,,
302,348,80,29-02-24,6,209.04,Grade3,,,,,
303,423,31,12-08-23,6,127.38,Grade3,,,,,
304,59,229,06-02-24,9,184.14,Grade2,,,,,
305,107,266,18-12-23,4,133.16,Grade4,,,,,
306,54,316,28-11-24,4,35.24,Grade4,,,,,
307,368,133,17-11-23,1,20.96,#N/A,,,,,
308,499,485,19-02-23,10,231.6,Highest order,,,,,
309,185,227,29-12-22,8,305.36,Grade2,,,,,
310,338,334,05-10-23,3,107.04,Grade5,,,,,
311,198,80,05-03-24,7,243.88,Grade3,,,,,
312,209,208,23-04-23,10,250,Highest order,,,,,
313,57,105,11-10-23,8,240.16,Grade2,,,,,
314,449,127,09-03-24,1,11.66,#N/A,,,,,
315,281,119,22-03-23,8,399.04,Grade2,,,,,
316,329,198,30-06-24,7,156.66,Grade3,,,,,
317,400,88,06-01-23,10,402.2,Highest order,,,,,
318,353,84,31-01-24,8,356.72,Grade2,,,,,
319,172,296,27-06-24,2,22.98,Grade5,,,,,
320,376,363,05-04-24,8,59.84,Grade2,,,,,
321,114,386,05-08-23,8,50.88,Grade2,,,,,
322,270,112,08-11-23,2,16.04,Grade5,,,,,
323,36,412,27-06-23,6,58.98,Grade3,,,,,
324,306,214,31-01-23,7,127.12,Grade3,,,,,
325,60,394,10-07-23,1,27.15,#N/A,,,,,
326,16,149,15-06-24,6,102.54,Grade3,,,,,
327,247,409,11-07-24,2,43.12,Grade5,,,,,
328,232,3,19-01-24,3,47.25,Grade5,,,,,
329,171,171,23-09-23,5,160.75,Grade4,,,,,
330,265,65,10-01-23,10,227,Highest order,,,,,
331,429,143,15-07-23,1,43.65,#N/A,,,,,
332,41,113,25-07-23,2,12.76,Grade5,,,,,
333,161,407,08-10-24,1,42.19,#N/A,,,,,
334,193,339,01-03-24,6,261.06,Grade3,,,,,
335,184,334,05-06-23,7,249.76,Grade3,,,,,
336,141,371,23-06-23,9,156.6,Grade2,,,,,
337,230,455,06-12-23,5,135.15,Grade4,,,,,
338,165,486,13-01-23,2,38.26,Grade5,,,,,
339,374,491,21-03-24,10,148.7,Highest order,,,,,
340,460,222,02-03-23,8,236.72,Grade2,,,,,
341,26,333,06-09-24,2,55.52,Grade5,,,,,
342,178,462,24-08-23,1,49.23,#N/A,,,,,
343,75,124,03-01-23,7,189.7,Grade3,,,,,
344,385,218,25-11-23,5,26.8,Grade4,,,,,
345,325,253,04-07-23,2,23.32,Grade5,,,,,
346,122,240,10-03-24,8,399.2,Grade2,,,,,
347,2,118,23-02-23,3,16.56,Grade5,,,,,
348,239,158,19-03-23,7,172.83,Grade3,,,,,
349,159,73,15-04-23,2,42.46,Grade5,,,,,
350,458,154,09-02-24,6,104.64,Grade3,,,,,
351,425,219,26-02-23,8,167.2,Grade2,,,,,
352,178,436,19-03-23,7,111.3,Grade3,,,,,
353,14,360,03-08-23,5,246.7,Grade4,,,,,
354,388,225,28-07-24,2,72.08,Grade5,,,,,
355,437,443,23-10-23,6,264.3,Grade3,,,,,
356,384,102,01-06-24,3,120.66,Grade5,,,,,
357,163,150,06-07-23,9,287.55,Grade2,,,,,
358,474,45,30-01-23,8,203.92,Grade2,,,,,
359,301,378,23-08-23,6,36.06,Grade3,,,,,
360,177,442,23-01-24,2,96.96,Grade5,,,,,
361,415,448,27-07-23,6,37.56,Grade3,,,,,
362,242,292,29-07-24,3,80.82,Grade5,,,,,
363,153,91,04-03-23,2,55.64,Grade5,,,,,
364,357,38,12-05-24,9,148.23,Grade2,,,,,
365,301,200,28-02-23,7,69.72,Grade3,,,,,
366,425,231,08-03-24,6,56.22,Grade3,,,,,
367,497,309,04-04-23,5,58.7,Grade4,,,,,
368,17,488,17-05-23,10,491.5,Highest order,,,,,
369,339,156,09-12-22,1,31.68,#N/A,,,,,
370,462,295,04-02-24,4,114.64,Grade4,,,,,
371,149,120,23-03-24,4,192.12,Grade4,,,,,
372,290,57,21-01-23,3,70.77,Grade5,,,,,
373,428,47,25-10-24,9,183.33,Grade2,,,,,
374,418,64,28-04-24,9,216.9,Grade2,,,,,
375,115,58,19-07-23,3,103.62,Grade5,,,,,
376,360,320,02-03-23,7,35.49,Grade3,,,,,
377,194,208,03-12-23,5,125,Grade4,,,,,
378,203,105,25-09-24,1,30.02,#N/A,,,,,
379,313,135,21-06-23,7,105.91,Grade3,,,,,
380,465,491,18-09-24,3,44.61,Grade5,,,,,
381,485,377,22-07-23,8,318.32,Grade2,,,,,
382,492,333,14-08-24,1,27.76,#N/A,,,,,
383,145,8,04-04-23,3,146.97,Grade5,,,,,
384,304,369,26-06-24,7,158.55,Grade3,,,,,
385,379,110,18-07-24,9,271.35,Grade2,,,,,
386,226,52,05-05-23,5,82.65,Grade4,,,,,
387,344,236,20-07-24,4,43.12,Grade4,,,,,
388,125,232,04-08-23,6,57.72,Grade3,,,,,
389,485,391,18-11-23,2,66.84,Grade5,,,,,
390,94,73,01-10-23,10,212.3,Highest order,,,,,
391,30,330,20-05-23,8,256.16,Grade2,,,,,
392,336,212,04-07-24,1,18.69,#N/A,,,,,
393,279,307,24-12-22,8,115.44,Grade2,,,,,
394,299,425,14-04-24,1,24.23,#N/A,,,,,
395,159,443,27-05-24,9,396.45,Grade2,,,,,
396,59,424,09-04-23,6,243,Grade3,,,,,
397,368,73,19-01-23,6,127.38,Grade3,,,,,
398,273,334,21-07-23,9,321.12,Grade2,,,,,
399,318,393,27-12-22,9,396,Grade2,,,,,
400,239,33,05-04-24,10,350.6,Highest order,,,,,
401,154,475,06-12-23,1,47.76,#N/A,,,,,
402,199,323,25-12-22,8,286.64,Grade2,,,,,
403,98,398,17-11-24,10,334.1,Highest order,,,,,
404,457,191,02-10-24,10,421.9,Highest order,,,,,
405,405,149,01-05-24,5,85.45,Grade4,,,,,
406,438,78,17-02-23,10,130.7,Highest order,,,,,
407,121,156,14-04-24,4,126.72,Grade4,,,,,
408,485,299,13-12-23,4,112.76,Grade4,,,,,
409,184,303,07-09-24,6,39.42,Grade3,,,,,
410,364,462,01-12-24,5,246.15,Grade4,,,,,
411,486,208,29-10-23,8,200,Grade2,,,,,
412,24,103,16-06-24,5,216.25,Grade4,,,,,
413,158,314,12-07-23,3,28.77,Grade5,,,,,
414,23,234,10-11-23,1,7.15,#N/A,,,,,
415,336,10,07-07-23,1,24.63,#N/A,,,,,
416,149,211,29-12-23,1,16.19,#N/A,,,,,
417,222,254,29-03-24,4,170.28,Grade4,,,,,
418,153,372,04-12-23,2,35.46,Grade5,,,,,
419,330,313,15-05-23,3,141.48,Grade5,,,,,
420,102,415,03-10-24,1,29.51,#N/A,,,,,
421,56,183,01-04-23,5,77,Grade4,,,,,
422,322,176,25-12-23,8,128.88,Grade2,,,,,
423,11,349,10-01-24,5,221.8,Grade4,,,,,
424,291,118,16-01-24,7,38.64,Grade3,,,,,
425,98,308,14-02-23,6,124.5,Grade3,,,,,
426,98,33,18-02-24,5,175.3,Grade4,,,,,
427,287,434,11-09-23,7,319.06,Grade3,,,,,
428,214,175,16-02-23,10,328.5,Highest order,,,,,
429,449,146,01-11-23,7,101.5,Grade3,,,,,
430,206,26,26-07-24,2,42.1,Grade5,,,,,
431,68,276,22-09-24,1,19.85,#N/A,,,,,
432,420,168,04-11-23,3,42.39,Grade5,,,,,
433,37,223,01-03-23,6,39.12,Grade3,,,,,
434,45,83,20-10-23,10,89.4,Highest order,,,,,
435,13,230,14-04-23,8,48.8,Grade2,,,,,
436,224,412,17-06-24,1,9.83,#N/A,,,,,
437,183,360,31-10-23,6,296.04,Grade3,,,,,
438,304,434,16-08-24,2,91.16,Grade5,,,,,
439,346,419,20-05-23,3,27.84,Grade5,,,,,
440,195,343,31-08-23,9,387.27,Grade2,,,,,
441,269,168,18-03-24,8,113.04,Grade2,,,,,
442,57,129,20-05-23,8,325.92,Grade2,,,,,
443,425,108,30-04-24,10,253.8,Highest order,,,,,
444,155,5,12-12-22,7,76.65,Grade3,,,,,
445,21,384,16-04-24,8,271.36,Grade2,,,,,
446,485,380,18-09-23,3,39.51,Grade5,,,,,
447,379,422,05-08-23,1,45.91,#N/A,,,,,
448,115,38,21-11-24,1,16.47,#N/A,,,,,
449,490,222,18-11-23,1,29.59,#N/A,,,,,
450,451,288,18-05-23,8,223.28,Grade2,,,,,
451,87,307,04-08-23,10,144.3,Highest order,,,,,
452,100,412,13-07-24,1,9.83,#N/A,,,,,
453,22,418,19-04-23,8,255.04,Grade2,,,,,
454,386,186,14-06-24,8,330.64,Grade2,,,,,
455,84,409,31-10-23,2,43.12,Grade5,,,,,
456,331,125,19-02-24,5,162.05,Grade4,,,,,
457,387,147,17-03-24,10,452,Highest order,,,,,
458,160,127,19-02-23,6,69.96,Grade3,,,,,
459,163,422,17-08-24,10,459.1,Highest order,,,,,
460,445,237,24-05-23,2,80.86,Grade5,,,,,
461,317,196,18-11-23,9,60.21,Grade2,,,,,
462,22,282,24-11-24,3,114.57,Grade5,,,,,
463,174,279,06-07-24,5,152.5,Grade4,,,,,
464,392,463,20-12-22,1,11.99,#N/A,,,,,
465,337,414,16-01-23,7,157.85,Grade3,,,,,
466,498,273,07-12-24,7,87.01,Grade3,,,,,
467,390,273,22-07-23,10,124.3,Highest order,,,,,
468,162,237,22-11-23,6,242.58,Grade3,,,,,
469,158,97,01-01-24,6,274.44,Grade3,,,,,
470,349,232,30-10-24,8,76.96,Grade2,,,,,
471,79,7,13-12-22,5,218.15,Grade4,,,,,
472,145,136,07-08-23,6,59.34,Grade3,,,,,
473,353,75,19-06-24,1,47.11,#N/A,,,,,
474,194,138,24-03-23,9,222.93,Grade2,,,,,
475,284,161,02-03-23,7,151.2,Grade3,,,,,
476,387,379,02-04-23,5,28.5,Grade4,,,,,
477,162,454,30-05-23,7,66.92,Grade3,,,,,
478,423,350,02-08-24,4,126.68,Grade4,,,,,
479,328,197,26-12-23,7,301.21,Grade3,,,,,
480,415,146,21-06-23,7,101.5,Grade3,,,,,
481,405,353,07-07-23,10,469.7,Highest order,,,,,
482,2,429,31-08-24,7,298.06,Grade3,,,,,
483,459,202,23-11-23,10,122.6,Highest order,,,,,
484,500,274,31-08-23,6,292.8,Grade3,,,,,
485,140,230,04-02-23,5,30.5,Grade4,,,,,
486,322,110,26-04-23,2,60.3,Grade5,,,,,
487,102,245,23-12-23,7,112.42,Grade3,,,,,
488,47,18,23-05-23,4,157.88,Grade4,,,,,
489,211,471,22-02-23,5,226.9,Grade4,,,,,
490,173,93,15-02-23,9,156.87,Grade2,,,,,
491,425,72,14-10-23,10,465.4,Highest order,,,,,
492,284,120,28-04-24,10,480.3,Highest order,,,,,
493,475,19,04-11-24,1,11.31,#N/A,,,,,
494,117,127,23-11-24,2,23.32,Grade5,,,,,
495,216,497,31-03-23,3,72.3,Grade5,,,,,
496,53,233,28-09-24,6,62.34,Grade3,,,,,
497,328,272,25-04-23,10,51.6,Highest order,,,,,
498,152,406,10-03-24,2,71.58,Grade5,,,,,
499,140,48,26-08-23,1,24.7,#N/A,,,,,
500,297,137,17-06-24,5,131.65,Grade4,,,,,
